Date,Open,High,Low,Close,Volume,Close Time
1553472000000,0.00240000,0.00240000,0.00133000,0.00143500,448061413.00000000,1553558399999
1553558400000,0.00144800,0.00149000,0.00109000,0.00112600,169334442.00000000,1553644799999
1553644800000,0.00111900,0.00149300,0.00103500,0.00136200,133840368.00000000,1553731199999
1553731200000,0.00137000,0.00143900,0.00127900,0.00137900,57558784.00000000,1553817599999
1553817600000,0.00137900,0.00146800,0.00125700,0.00126700,41867643.00000000,1553903999999
1553904000000,0.00127300,0.00132000,0.00116400,0.00118800,34049606.00000000,1553990399999
1553990400000,0.00119600,0.00123300,0.00112100,0.00112100,13645684.00000000,1554076799999
1554076800000,0.00112400,0.00115000,0.00105400,0.00107900,17273702.00000000,1554163199999
1554163200000,0.00107900,0.00121000,0.00100500,0.00102000,23438184.00000000,1554249599999
1554249600000,0.00101900,0.00108600,0.00096000,0.00101000,21812480.00000000,1554335999999
1554336000000,0.00101000,0.00102500,0.00094500,0.00099800,14056567.00000000,1554422399999
1554422400000,0.00099000,0.00104100,0.00095600,0.00098100,7541090.00000000,1554508799999
1554508800000,0.00098500,0.00100900,0.00095500,0.00096800,9871436.00000000,1554595199999
1554595200000,0.00096900,0.00100600,0.00095400,0.00098000,5698006.00000000,1554681599999
1554681600000,0.00098000,0.00100300,0.00094000,0.00098000,9470221.00000000,1554767999999
1554768000000,0.00098000,0.00110400,0.00094600,0.00098600,41602513.00000000,1554854399999
1554854400000,0.00098100,0.00106800,0.00092300,0.00098400,26331271.00000000,1554940799999
1554940800000,0.00098800,0.00107000,0.00098800,0.00102400,18152035.00000000,1555027199999
1555027200000,0.00102400,0.00110800,0.00098300,0.00099600,11459077.00000000,1555113599999
1555113600000,0.00099100,0.00104500,0.00096800,0.00098300,4626376.00000000,1555199999999
1555200000000,0.00098600,0.00098600,0.00089100,0.00091100,7989965.00000000,1555286399999
1555286400000,0.00091600,0.00093300,0.00088300,0.00088500,3888545.00000000,1555372799999
1555372800000,0.00088700,0.00091200,0.00086600,0.00087300,2586104.00000000,1555459199999
1555459200000,0.00087700,0.00097200,0.00087300,0.00092200,9574998.00000000,1555545599999
1555545600000,0.00092400,0.00094400,0.00081200,0.00081300,7255143.00000000,1555631999999
1555632000000,0.00082100,0.00084200,0.00071700,0.00072000,5193716.00000000,1555718399999
1555718400000,0.00072500,0.00074100,0.00069300,0.00070900,4260718.00000000,1555804799999
1555804800000,0.00071400,0.00078900,0.00071000,0.00072700,16486373.00000000,1555891199999
1555891200000,0.00072700,0.00078700,0.00071400,0.00074600,3668804.00000000,1555977599999
1555977600000,0.00075300,0.00078000,0.00073000,0.00075700,6650077.00000000,1556063999999
1556064000000,0.00076600,0.00078300,0.00061100,0.00062000,38823222.00000000,1556150399999
1556150400000,0.00062500,0.00064700,0.00054400,0.00055300,18652984.00000000,1556236799999
1556236800000,0.00054600,0.00056000,0.00047000,0.00049400,19205679.00000000,1556323199999
1556323200000,0.00050000,0.00058900,0.00046600,0.00051300,12591293.00000000,1556409599999
1556409600000,0.00051400,0.00055200,0.00048000,0.00048600,19075730.00000000,1556495999999
1556496000000,0.00048400,0.00050700,0.00042300,0.00042500,14642865.00000000,1556582399999
1556582400000,0.00042700,0.00047700,0.00042400,0.00045000,12411051.00000000,1556668799999
1556668800000,0.00045200,0.00046700,0.00044000,0.00044700,5001292.00000000,1556755199999
1556755200000,0.00045000,0.00046100,0.00039900,0.00040600,11292668.00000000,1556841599999
1556841600000,0.00040500,0.00041400,0.00039300,0.00039500,7969788.00000000,1556927999999
1556928000000,0.00039900,0.00041100,0.00038000,0.00038200,7321212.00000000,1557014399999
1557014400000,0.00038100,0.00042100,0.00037600,0.00039900,8691060.00000000,1557100799999
1557100800000,0.00039800,0.00042100,0.00039700,0.00040500,9298207.00000000,1557187199999
1557187200000,0.00040400,0.00041800,0.00038700,0.00040600,10364683.00000000,1557273599999
1557273600000,0.00041100,0.00042500,0.00038000,0.00039200,15238948.00000000,1557359999999
1557360000000,0.00039600,0.00040000,0.00036900,0.00038900,15382523.00000000,1557446399999
1557446400000,0.00038800,0.00042000,0.00037600,0.00040400,15309714.00000000,1557532799999
1557532800000,0.00040100,0.00042600,0.00038500,0.00039700,23859876.00000000,1557619199999
1557619200000,0.00039600,0.00050400,0.00038700,0.00042500,73635125.00000000,1557705599999
1557705600000,0.00042900,0.00044300,0.00038100,0.00039400,46893051.00000000,1557791999999
1557792000000,0.00039000,0.00057000,0.00038500,0.00051400,75777320.00000000,1557878399999
1557878400000,0.00051100,0.00054400,0.00042200,0.00048200,56989312.00000000,1557964799999
1557964800000,0.00048200,0.00052500,0.00042200,0.00045100,39484742.00000000,1558051199999
1558051200000,0.00045400,0.00056800,0.00040800,0.00052100,147146354.00000000,1558137599999
1558137600000,0.00052100,0.00056700,0.00042800,0.00042900,85015491.00000000,1558223999999
1558224000000,0.00043100,0.00060000,0.00043000,0.00059300,114118917.00000000,1558310399999
1558310400000,0.00059600,0.00085000,0.00055200,0.00072000,275704322.00000000,1558396799999
1558396800000,0.00072500,0.00092500,0.00051700,0.00055500,278770780.00000000,1558483199999
1558483200000,0.00055500,0.00059000,0.00042500,0.00044200,103873623.00000000,1558569599999
1558569600000,0.00044500,0.00057300,0.00044500,0.00046600,99671501.00000000,1558655999999
1558656000000,0.00046600,0.00048900,0.00038500,0.00039600,47261688.00000000,1558742399999
1558742400000,0.00040200,0.00041800,0.00036800,0.00039300,38209293.00000000,1558828799999
1558828800000,0.00039500,0.00046500,0.00039500,0.00042700,83944506.00000000,1558915199999
1558915200000,0.00042700,0.00043700,0.00038700,0.00040700,24564445.00000000,1559001599999
1559001600000,0.00040700,0.00044700,0.00039200,0.00043000,32976058.00000000,1559087999999
1559088000000,0.00042800,0.00044500,0.00040600,0.00042100,23434839.00000000,1559174399999
1559174400000,0.00042000,0.00048400,0.00040100,0.00043900,49487498.00000000,1559260799999
1559260800000,0.00043600,0.00056100,0.00043600,0.00050200,92770715.00000000,1559347199999
1559347200000,0.00050600,0.00058000,0.00047600,0.00054400,84236358.00000000,1559433599999
1559433600000,0.00054400,0.00058300,0.00050800,0.00052100,66440310.00000000,1559519999999
1559520000000,0.00052500,0.00054100,0.00049900,0.00051400,52076243.00000000,1559606399999
1559606400000,0.00051100,0.00057000,0.00049800,0.00055700,32190588.00000000,1559692799999
1559692800000,0.00055600,0.00066000,0.00055200,0.00061500,92896691.00000000,1559779199999
1559779200000,0.00061900,0.00064900,0.00058800,0.00059300,45443095.00000000,1559865599999
1559865600000,0.00059300,0.00062600,0.00056700,0.00061000,22624565.00000000,1559951999999
1559952000000,0.00060700,0.00065500,0.00058200,0.00061900,25723621.00000000,1560038399999
1560038400000,0.00061900,0.00065400,0.00059200,0.00061200,37603037.00000000,1560124799999
1560124800000,0.00061300,0.00063900,0.00058400,0.00061700,26545367.00000000,1560211199999
1560211200000,0.00061600,0.00066200,0.00060100,0.00066000,34644257.00000000,1560297599999
1560297600000,0.00066000,0.00068500,0.00057100,0.00057400,55639361.00000000,1560383999999
1560384000000,0.00057300,0.00057500,0.00052700,0.00054500,45578736.00000000,1560470399999
1560470400000,0.00054400,0.00057500,0.00052100,0.00054200,75318192.00000000,1560556799999
1560556800000,0.00054200,0.00058800,0.00054000,0.00055800,50108570.00000000,1560643199999
1560643200000,0.00055700,0.00059300,0.00054400,0.00058800,37816825.00000000,1560729599999
1560729600000,0.00058200,0.00059900,0.00053600,0.00054200,32489167.00000000,1560815999999
1560816000000,0.00054200,0.00057100,0.00052600,0.00056000,38224317.00000000,1560902399999
1560902400000,0.00056000,0.00057500,0.00053400,0.00054800,26074987.00000000,1560988799999
1560988800000,0.00054800,0.00056600,0.00049000,0.00050100,40785749.00000000,1561075199999
1561075200000,0.00050100,0.00051500,0.00043900,0.00044100,23324053.00000000,1561161599999
1561161600000,0.00044700,0.00049100,0.00043500,0.00046600,27961416.00000000,1561247999999
1561248000000,0.00046500,0.00048300,0.00044900,0.00045600,23272074.00000000,1561334399999
1561334400000,0.00045500,0.00046700,0.00042900,0.00043000,17118001.00000000,1561420799999
1561420800000,0.00043200,0.00045000,0.00042200,0.00042800,20245375.00000000,1561507199999
1561507200000,0.00042800,0.00043600,0.00039000,0.00039000,26494966.00000000,1561593599999
1561593600000,0.00039300,0.00047900,0.00038800,0.00043300,61679717.00000000,1561679999999
1561680000000,0.00043400,0.00044200,0.00040600,0.00041700,18542732.00000000,1561766399999
1561766400000,0.00042100,0.00050100,0.00041900,0.00047400,38245909.00000000,1561852799999
1561852800000,0.00047800,0.00064000,0.00047500,0.00053400,88425781.00000000,1561939199999
1561939200000,0.00053400,0.00056900,0.00050400,0.00055600,28663710.00000000,1562025599999
1562025600000,0.00055700,0.00058900,0.00051300,0.00052600,40379620.00000000,1562111999999
1562112000000,0.00052500,0.00061100,0.00050700,0.00054500,60265840.00000000,1562198399999
1562198400000,0.00054600,0.00057100,0.00048200,0.00049300,38838229.00000000,1562284799999
1562284800000,0.00049300,0.00054500,0.00048900,0.00052900,40154274.00000000,1562371199999
1562371200000,0.00053000,0.00053400,0.00046400,0.00048900,66706100.00000000,1562457599999
1562457600000,0.00048800,0.00050200,0.00047300,0.00047800,21122708.00000000,1562543999999
1562544000000,0.00047900,0.00051300,0.00043800,0.00044500,70513667.00000000,1562630399999
1562630400000,0.00044500,0.00045700,0.00042800,0.00043600,23510836.00000000,1562716799999
1562716800000,0.00043600,0.00045600,0.00039700,0.00042700,42466339.00000000,1562803199999
1562803200000,0.00042500,0.00044330,0.00039310,0.00039780,22254044.00000000,1562889599999
1562889600000,0.00039690,0.00042040,0.00035510,0.00039450,26953861.00000000,1562975999999
1562976000000,0.00039390,0.00045090,0.00039390,0.00043210,36881507.00000000,1563062399999
1563062400000,0.00043170,0.00045200,0.00039750,0.00039910,22626774.00000000,1563148799999
1563148800000,0.00040090,0.00041290,0.00038030,0.00039410,27336022.00000000,1563235199999
1563235200000,0.00039290,0.00041650,0.00037710,0.00038310,10916394.00000000,1563321599999
1563321600000,0.00038520,0.00040010,0.00037110,0.00037460,32689418.00000000,1563407999999
1563408000000,0.00037460,0.00039200,0.00035600,0.00037410,13003238.00000000,1563494399999
1563494400000,0.00037580,0.00038190,0.00036210,0.00038050,6329344.00000000,1563580799999
1563580800000,0.00038050,0.00038090,0.00035580,0.00036510,5799483.00000000,1563667199999
1563667200000,0.00036520,0.00037390,0.00035900,0.00036110,2332461.00000000,1563753599999
1563753600000,0.00036290,0.00036290,0.00032210,0.00032510,18319435.00000000,1563839999999
1563840000000,0.00032510,0.00033210,0.00031200,0.00031310,9219350.00000000,1563926399999
1563926400000,0.00031450,0.00033590,0.00031410,0.00032230,6116641.00000000,1564012799999
1564012800000,0.00032400,0.00034700,0.00031500,0.00033100,9855044.00000000,1564099199999
1564099200000,0.00033490,0.00036020,0.00033300,0.00034510,6532049.00000000,1564185599999
1564185600000,0.00034500,0.00034520,0.00032720,0.00033200,8270515.00000000,1564271999999
1564272000000,0.00033410,0.00033810,0.00032470,0.00032530,5433841.00000000,1564358399999
1564358400000,0.00032850,0.00034550,0.00032610,0.00034400,2432081.00000000,1564444799999
1564444800000,0.00034400,0.00035120,0.00033780,0.00033990,6633838.00000000,1564531199999
1564531200000,0.00033840,0.00033980,0.00032400,0.00032400,4682837.00000000,1564617599999
1564617600000,0.00032430,0.00032800,0.00029210,0.00029610,5218454.00000000,1564703999999
1564704000000,0.00029620,0.00031990,0.00029620,0.00031310,6696315.00000000,1564790399999
1564790400000,0.00031400,0.00032190,0.00030740,0.00030740,3172441.00000000,1564876799999
1564876800000,0.00030890,0.00031730,0.00030600,0.00031010,2584336.00000000,1564963199999
1564963200000,0.00031000,0.00033590,0.00029190,0.00031610,10868221.00000000,1565049599999
1565049600000,0.00031510,0.00037100,0.00030710,0.00032810,26893234.00000000,1565135999999
1565136000000,0.00032710,0.00039800,0.00031910,0.00034720,51775846.00000000,1565222399999
1565222400000,0.00034710,0.00037900,0.00028110,0.00028410,20096192.00000000,1565308799999
1565308800000,0.00028480,0.00028480,0.00025250,0.00025510,10929162.00000000,1565395199999
1565395200000,0.00025730,0.00028500,0.00025730,0.00027610,5930450.00000000,1565481599999
1565481600000,0.00027610,0.00030290,0.00026710,0.00027690,10778842.00000000,1565567999999
1565568000000,0.00027780,0.00029120,0.00027220,0.00028280,4706294.00000000,1565654399999
1565654400000,0.00028280,0.00034420,0.00027580,0.00028600,32315473.00000000,1565740799999
1565740800000,0.00028690,0.00030240,0.00028170,0.00028500,93577147.00000000,1565827199999
1565827200000,0.00028500,0.00029400,0.00027420,0.00027570,92915094.00000000,1565913599999
1565913600000,0.00027570,0.00028260,0.00026770,0.00026970,173504217.00000000,1565999999999
1566000000000,0.00026970,0.00028550,0.00026970,0.00028100,267601302.00000000,1566086399999
1566086400000,0.00028110,0.00029090,0.00027650,0.00028140,278019635.00000000,1566172799999
1566172800000,0.00028130,0.00030690,0.00027690,0.00029460,517347210.00000000,1566259199999
1566259200000,0.00029460,0.00031130,0.00029370,0.00030970,1733935312.00000000,1566345599999
1566345600000,0.00030960,0.00032890,0.00030200,0.00030510,88246360.00000000,1566431999999
1566432000000,0.00030420,0.00031560,0.00029560,0.00030780,15271852.00000000,1566518399999
1566518400000,0.00030660,0.00031420,0.00029030,0.00029440,13734367.00000000,1566604799999
1566604800000,0.00029500,0.00030210,0.00029390,0.00029980,4397332.00000000,1566691199999
1566691200000,0.00029990,0.00030820,0.00028020,0.00028350,16778348.00000000,1566777599999
1566777600000,0.00028480,0.00029090,0.00027210,0.00027610,14546381.00000000,1566863999999
1566864000000,0.00027600,0.00029990,0.00027470,0.00028750,17914562.00000000,1566950399999
1566950400000,0.00028750,0.00029240,0.00027030,0.00028020,11763590.00000000,1567036799999
1567036800000,0.00028150,0.00029470,0.00027230,0.00027870,17762197.00000000,1567123199999
1567123200000,0.00028020,0.00028330,0.00027160,0.00027640,12064361.00000000,1567209599999
1567209600000,0.00027670,0.00028140,0.00026610,0.00027510,14792828.00000000,1567295999999
1567296000000,0.00027490,0.00027540,0.00026340,0.00026730,20709560.00000000,1567382399999
1567382400000,0.00026710,0.00028170,0.00025460,0.00026480,39071782.00000000,1567468799999
1567468800000,0.00026490,0.00026690,0.00025200,0.00025770,11318069.00000000,1567555199999
1567555200000,0.00025760,0.00027000,0.00025390,0.00025890,17826862.00000000,1567641599999
1567641600000,0.00025950,0.00027390,0.00024940,0.00025410,26640306.00000000,1567727999999
1567728000000,0.00025430,0.00026040,0.00023580,0.00024220,19576607.00000000,1567814399999
1567814400000,0.00024240,0.00024910,0.00024010,0.00024580,8718362.00000000,1567900799999
1567900800000,0.00024640,0.00025610,0.00024210,0.00024890,14661794.00000000,1567987199999
1567987200000,0.00024930,0.00026820,0.00024070,0.00026330,17396735.00000000,1568073599999
1568073600000,0.00026330,0.00026430,0.00025100,0.00025130,9142925.00000000,1568159999999
1568160000000,0.00025330,0.00026700,0.00025050,0.00026220,6194442.00000000,1568246399999
1568246400000,0.00026250,0.00027320,0.00024200,0.00025490,18129609.00000000,1568332799999
1568332800000,0.00025310,0.00026430,0.00024610,0.00025410,4708245.00000000,1568419199999
1568419200000,0.00025420,0.00025550,0.00024510,0.00024890,2751297.00000000,1568505599999
1568505600000,0.00024900,0.00026360,0.00024740,0.00026190,4300204.00000000,1568591999999
1568592000000,0.00026200,0.00027500,0.00025450,0.00027080,7974400.00000000,1568678399999
1568678400000,0.00026960,0.00028440,0.00025870,0.00026780,14862553.00000000,1568764799999
1568764800000,0.00026890,0.00027310,0.00024430,0.00026580,28294887.00000000,1568851199999
1568851200000,0.00026550,0.00027550,0.00025830,0.00026430,12626356.00000000,1568937599999
1568937600000,0.00026440,0.00027630,0.00026130,0.00026650,14088324.00000000,1569023999999
1569024000000,0.00026660,0.00027900,0.00026320,0.00027710,8432754.00000000,1569110399999
1569110400000,0.00027710,0.00028120,0.00027020,0.00027610,10599928.00000000,1569196799999
1569196800000,0.00027770,0.00029660,0.00027770,0.00029320,11190804.00000000,1569283199999
1569283200000,0.00029450,0.00033000,0.00027540,0.00028550,29103278.00000000,1569369599999
1569369600000,0.00028550,0.00031000,0.00027550,0.00028130,14636412.00000000,1569455999999
1569456000000,0.00028120,0.00029590,0.00027420,0.00028490,6559657.00000000,1569542399999
1569542400000,0.00028490,0.00029080,0.00028080,0.00028210,4258684.00000000,1569628799999
1569628800000,0.00028310,0.00028690,0.00027730,0.00028090,3619025.00000000,1569715199999
1569715200000,0.00027950,0.00028700,0.00027730,0.00028390,2416115.00000000,1569801599999
1569801600000,0.00028430,0.00030020,0.00027470,0.00029490,26110180.00000000,1569887999999
1569888000000,0.00029430,0.00030090,0.00028430,0.00028440,21095932.00000000,1569974399999
1569974400000,0.00028470,0.00028960,0.00028420,0.00028760,7962947.00000000,1570060799999
1570060800000,0.00028750,0.00029390,0.00028570,0.00028590,18598615.00000000,1570147199999
1570147200000,0.00028640,0.00029270,0.00028600,0.00028850,8944881.00000000,1570233599999
1570233600000,0.00028950,0.00029150,0.00028110,0.00028570,15598116.00000000,1570319999999
1570320000000,0.00028600,0.00029320,0.00028520,0.00028960,11027664.00000000,1570406399999
1570406400000,0.00029130,0.00029940,0.00028710,0.00028750,22086139.00000000,1570492799999
1570492800000,0.00028800,0.00031720,0.00028230,0.00030980,28456318.00000000,1570579199999
1570579200000,0.00030870,0.00030940,0.00026410,0.00027210,30996096.00000000,1570665599999
1570665600000,0.00027310,0.00029310,0.00026540,0.00028150,30786332.00000000,1570751999999
1570752000000,0.00028040,0.00031000,0.00027050,0.00029930,44655896.00000000,1570838399999
1570838400000,0.00029940,0.00033180,0.00029640,0.00031040,47246499.00000000,1570924799999
1570924800000,0.00031050,0.00031440,0.00027510,0.00027810,31557050.00000000,1571011199999
1571011200000,0.00027990,0.00030400,0.00027790,0.00028180,17764924.00000000,1571097599999
1571097600000,0.00028170,0.00028750,0.00025420,0.00026400,12084631.00000000,1571183999999
1571184000000,0.00026490,0.00026880,0.00025000,0.00025780,8330238.00000000,1571270399999
1571270400000,0.00025640,0.00025830,0.00024530,0.00025310,4847498.00000000,1571356799999
1571356800000,0.00025320,0.00025540,0.00024470,0.00024700,3996802.00000000,1571443199999
1571443200000,0.00024700,0.00024850,0.00023310,0.00023850,11002750.00000000,1571529599999
1571529600000,0.00023710,0.00024090,0.00023120,0.00023550,3719844.00000000,1571615999999
1571616000000,0.00023670,0.00024790,0.00023670,0.00023990,3050460.00000000,1571702399999
1571702400000,0.00023970,0.00024590,0.00023310,0.00023690,3596531.00000000,1571788799999
1571788800000,0.00023690,0.00023990,0.00022640,0.00023410,9806089.00000000,1571875199999
1571875200000,0.00023320,0.00023650,0.00022910,0.00023010,3004003.00000000,1571961599999
1571961600000,0.00023040,0.00023300,0.00022140,0.00022390,6147907.00000000,1572047999999
1572048000000,0.00022440,0.00022890,0.00020420,0.00020580,10716882.00000000,1572134399999
1572134400000,0.00020570,0.00021790,0.00020000,0.00021790,5577334.00000000,1572220799999
1572220800000,0.00021790,0.00022760,0.00020060,0.00021200,14464337.00000000,1572307199999
1572307200000,0.00021250,0.00021310,0.00020240,0.00020390,8424327.00000000,1572393599999
1572393600000,0.00020390,0.00021700,0.00020240,0.00020850,8004167.00000000,1572479999999
1572480000000,0.00020850,0.00021610,0.00020560,0.00020880,5383936.00000000,1572566399999
1572566400000,0.00020880,0.00021740,0.00020830,0.00021210,2243578.00000000,1572652799999
1572652800000,0.00021130,0.00021890,0.00020940,0.00021310,4644727.00000000,1572739199999
1572739200000,0.00021310,0.00021890,0.00021130,0.00021570,4667758.00000000,1572825599999
1572825600000,0.00021590,0.00022560,0.00020850,0.00021730,13653459.00000000,1572911999999
1572912000000,0.00021730,0.00023140,0.00021500,0.00022460,6998939.00000000,1572998399999
1572998400000,0.00022590,0.00022660,0.00021740,0.00021760,4437049.00000000,1573084799999
1573084800000,0.00021790,0.00022490,0.00020750,0.00021570,4544548.00000000,1573171199999
1573171200000,0.00021610,0.00021610,0.00020520,0.00020900,2862455.00000000,1573257599999
1573257600000,0.00020920,0.00021890,0.00020790,0.00021010,2637444.00000000,1573343999999
1573344000000,0.00021000,0.00021060,0.00020460,0.00020540,1410164.00000000,1573430399999
1573430400000,0.00020590,0.00020870,0.00020290,0.00020740,953016.00000000,1573516799999
1573516800000,0.00020800,0.00020810,0.00019870,0.00019870,2667586.00000000,1573603199999
1573603200000,0.00019780,0.00019890,0.00018980,0.00019440,1305951.00000000,1573689599999
1573689600000,0.00019440,0.00019680,0.00018940,0.00019090,1943503.00000000,1573775999999
1573776000000,0.00019240,0.00021060,0.00019240,0.00020840,5476757.00000000,1573862399999
1573862400000,0.00020830,0.00023190,0.00020320,0.00022500,22613684.00000000,1573948799999
1573948800000,0.00022560,0.00023230,0.00021610,0.00022010,9091412.00000000,1574035199999
1574035200000,0.00022090,0.00022460,0.00021690,0.00021890,6278930.00000000,1574121599999
1574121600000,0.00021910,0.00023020,0.00020810,0.00022250,9745178.00000000,1574207999999
1574208000000,0.00022390,0.00022890,0.00021910,0.00021910,3119325.00000000,1574294399999
1574294400000,0.00022170,0.00022500,0.00021150,0.00022210,6360117.00000000,1574380799999
1574380800000,0.00022250,0.00023500,0.00021020,0.00023270,4476210.00000000,1574467199999
1574467200000,0.00023350,0.00024190,0.00022620,0.00023090,7811732.00000000,1574553599999
1574553600000,0.00022990,0.00025260,0.00022250,0.00024850,16567951.00000000,1574639999999
1574640000000,0.00024860,0.00028620,0.00023710,0.00027770,28782440.00000000,1574726399999
1574726400000,0.00027780,0.00029560,0.00026170,0.00028300,17950385.00000000,1574812799999
1574812800000,0.00028260,0.00028680,0.00025820,0.00026530,24795056.00000000,1574899199999
1574899200000,0.00026510,0.00031220,0.00026510,0.00030560,31088109.00000000,1574985599999
1574985600000,0.00030570,0.00031190,0.00028500,0.00028500,18096975.00000000,1575071999999
1575072000000,0.00028490,0.00033020,0.00028220,0.00032110,26567214.00000000,1575158399999
1575158400000,0.00032150,0.00032610,0.00030110,0.00030840,21683530.00000000,1575244799999
1575244800000,0.00030860,0.00033000,0.00030730,0.00031980,29831133.00000000,1575331199999
1575331200000,0.00031960,0.00032990,0.00030570,0.00031040,27077987.00000000,1575417599999
1575417600000,0.00031030,0.00031490,0.00029250,0.00029650,8503394.00000000,1575503999999
1575504000000,0.00029740,0.00030470,0.00027750,0.00028110,7963756.00000000,1575590399999
1575590400000,0.00028150,0.00031000,0.00027840,0.00030970,11473550.00000000,1575676799999
1575676800000,0.00030830,0.00035590,0.00030340,0.00034760,12062017.00000000,1575763199999
1575763200000,0.00034760,0.00038300,0.00030700,0.00034970,70634299.00000000,1575849599999
1575849600000,0.00034960,0.00035760,0.00033260,0.00033630,38859378.00000000,1575935999999
1575936000000,0.00033640,0.00033690,0.00028380,0.00029490,52474862.00000000,1576022399999
1576022400000,0.00029460,0.00031230,0.00029130,0.00030470,20566892.00000000,1576108799999
1576108800000,0.00030550,0.00030640,0.00028720,0.00028730,20844836.00000000,1576195199999
1576195200000,0.00028790,0.00028810,0.00027510,0.00028220,22998280.00000000,1576281599999
1576281600000,0.00028220,0.00028620,0.00026070,0.00026700,14366380.00000000,1576367999999
1576368000000,0.00026690,0.00027990,0.00026550,0.00027800,3941927.00000000,1576454399999
1576454400000,0.00027630,0.00034810,0.00027050,0.00027790,18965726.00000000,1576540799999
1576540800000,0.00027730,0.00030120,0.00027120,0.00027230,14393140.00000000,1576627199999
1576627200000,0.00027200,0.00027820,0.00025900,0.00026670,16596387.00000000,1576713599999
1576713600000,0.00026730,0.00027940,0.00026140,0.00027710,11761497.00000000,1576799999999
1576800000000,0.00027750,0.00029200,0.00027640,0.00028490,17615786.00000000,1576886399999
1576886400000,0.00028450,0.00030750,0.00028200,0.00029880,22150904.00000000,1576972799999
1576972800000,0.00029900,0.00030120,0.00028340,0.00028890,20790703.00000000,1577059199999
1577059200000,0.00028890,0.00028980,0.00026830,0.00027350,25444497.00000000,1577145599999
1577145600000,0.00027360,0.00028610,0.00027120,0.00027970,9243880.00000000,1577231999999
1577232000000,0.00027980,0.00028670,0.00027520,0.00027660,10997533.00000000,1577318399999
1577318400000,0.00027700,0.00027850,0.00027020,0.00027540,7280922.00000000,1577404799999
1577404800000,0.00027570,0.00027910,0.00027380,0.00027740,5364512.00000000,1577491199999
1577491200000,0.00027730,0.00028160,0.00027000,0.00027110,12015024.00000000,1577577599999
1577577600000,0.00027140,0.00027730,0.00026430,0.00026610,6277408.00000000,1577663999999
1577664000000,0.00026560,0.00026670,0.00025610,0.00026210,1336311.00000000,1577750399999
1577750400000,0.00026450,0.00026600,0.00025530,0.00025840,2024400.00000000,1577836799999
1577836800000,0.00025820,0.00026900,0.00025780,0.00026360,2540499.00000000,1577923199999
1577923200000,0.00026330,0.00026940,0.00025540,0.00026310,6883419.00000000,1578009599999
1578009600000,0.00026120,0.00026650,0.00025480,0.00026030,2874981.00000000,1578095999999
1578096000000,0.00026180,0.00026490,0.00025570,0.00025740,824203.00000000,1578182399999
1578182400000,0.00025780,0.00025810,0.00024730,0.00024990,4296655.00000000,1578268799999
1578268800000,0.00024990,0.00024990,0.00023240,0.00023670,1879966.00000000,1578355199999
1578355200000,0.00023660,0.00023900,0.00022770,0.00023100,8782209.00000000,1578441599999
1578441600000,0.00023150,0.00023900,0.00022400,0.00023460,5606859.00000000,1578527999999
1578528000000,0.00023470,0.00023590,0.00022770,0.00023060,5118079.00000000,1578614399999
1578614400000,0.00023010,0.00023320,0.00021430,0.00021860,7189795.00000000,1578700799999
1578700800000,0.00021720,0.00022600,0.00021570,0.00022350,3984609.00000000,1578787199999
1578787200000,0.00022350,0.00022830,0.00021890,0.00022670,3820125.00000000,1578873599999
1578873600000,0.00022640,0.00023390,0.00022460,0.00023180,9043456.00000000,1578959999999
1578960000000,0.00023180,0.00023240,0.00020370,0.00020580,19683834.00000000,1579046399999
1579046400000,0.00020730,0.00021360,0.00019700,0.00020160,4555866.00000000,1579132799999
1579132800000,0.00020410,0.00020990,0.00020070,0.00020560,7223567.00000000,1579219199999
1579219200000,0.00020550,0.00020790,0.00019500,0.00020410,4610942.00000000,1579305599999
1579305600000,0.00020120,0.00020530,0.00019640,0.00020530,1238967.00000000,1579391999999
1579392000000,0.00020530,0.00020530,0.00019030,0.00019440,9572727.00000000,1579478399999
1579478400000,0.00019450,0.00020070,0.00018440,0.00018840,9439841.00000000,1579564799999
1579564800000,0.00018880,0.00019150,0.00017980,0.00018200,10221809.00000000,1579651199999
1579651200000,0.00018170,0.00018790,0.00017810,0.00018530,5617198.00000000,1579737599999
1579737600000,0.00018520,0.00019150,0.00018460,0.00018990,9707576.00000000,1579823999999
1579824000000,0.00019010,0.00019490,0.00018510,0.00019020,14953062.00000000,1579910399999
1579910400000,0.00019040,0.00020500,0.00019010,0.00019980,16567626.00000000,1579996799999
1579996800000,0.00020010,0.00020150,0.00018840,0.00019250,12455582.00000000,1580083199999
1580083200000,0.00019260,0.00019510,0.00018540,0.00018800,12966529.00000000,1580169599999
1580169600000,0.00018760,0.00018900,0.00018280,0.00018430,9318246.00000000,1580255999999
1580256000000,0.00018420,0.00018490,0.00017320,0.00017960,9108236.00000000,1580342399999
1580342400000,0.00017960,0.00018390,0.00017370,0.00017590,12796116.00000000,1580428799999
1580428800000,0.00017600,0.00018280,0.00017310,0.00017940,10165414.00000000,1580515199999
1580515200000,0.00017930,0.00018390,0.00017510,0.00018200,7163623.00000000,1580601599999
1580601600000,0.00018200,0.00018550,0.00017740,0.00018470,11224666.00000000,1580687999999
1580688000000,0.00018470,0.00019740,0.00018010,0.00019500,20270599.00000000,1580774399999
1580774400000,0.00019500,0.00020990,0.00019030,0.00020600,24387139.00000000,1580860799999
1580860800000,0.00020620,0.00020810,0.00018540,0.00018860,19848186.00000000,1580947199999
1580947200000,0.00018890,0.00020200,0.00018810,0.00019910,30859621.00000000,1581033599999
1581033600000,0.00019890,0.00019890,0.00018150,0.00019000,20929229.00000000,1581119999999
1581120000000,0.00019000,0.00020170,0.00018330,0.00019050,22182230.00000000,1581206399999
1581206400000,0.00019010,0.00019010,0.00017370,0.00017370,16879606.00000000,1581292799999
1581292800000,0.00017370,0.00018420,0.00016240,0.00018080,10964322.00000000,1581379199999
1581379200000,0.00018190,0.00018580,0.00017240,0.00017840,16911369.00000000,1581465599999
1581465600000,0.00017820,0.00018740,0.00017700,0.00017900,20549408.00000000,1581551999999
1581552000000,0.00017920,0.00021830,0.00017570,0.00019480,51900747.00000000,1581638399999
1581638400000,0.00019490,0.00022050,0.00019490,0.00021010,47151963.00000000,1581724799999
1581724800000,0.00021010,0.00021530,0.00019070,0.00019760,35880716.00000000,1581811199999
1581811200000,0.00019770,0.00019940,0.00017820,0.00018430,36225625.00000000,1581897599999
1581897600000,0.00018440,0.00018730,0.00017630,0.00017790,37788726.00000000,1581983999999
1581984000000,0.00017800,0.00018700,0.00017680,0.00018700,24214542.00000000,1582070399999
1582070400000,0.00018700,0.00018810,0.00017900,0.00018110,16986144.00000000,1582156799999
1582156800000,0.00018130,0.00018300,0.00017220,0.00017420,21848180.00000000,1582243199999
1582243200000,0.00017450,0.00018540,0.00017440,0.00017730,19939077.00000000,1582329599999
1582329600000,0.00017720,0.00018170,0.00017540,0.00017840,14484990.00000000,1582415999999
1582416000000,0.00017820,0.00018590,0.00017560,0.00018300,11174127.00000000,1582502399999
1582502400000,0.00018310,0.00018310,0.00017230,0.00017700,17073120.00000000,1582588799999
1582588800000,0.00017720,0.00018020,0.00017230,0.00017520,20539741.00000000,1582675199999
1582675200000,0.00017520,0.00018130,0.00017120,0.00017240,30733763.00000000,1582761599999
1582761600000,0.00017250,0.00017840,0.00017140,0.00017360,19722515.00000000,1582847999999
1582848000000,0.00017380,0.00018460,0.00017310,0.00018200,21202209.00000000,1582934399999
1582934400000,0.00018190,0.00018470,0.00016970,0.00017090,16375562.00000000,1583020799999
1583020800000,0.00017110,0.00017690,0.00016980,0.00017210,12163323.00000000,1583107199999
1583107200000,0.00017210,0.00017920,0.00016800,0.00017500,16040177.00000000,1583193599999
1583193600000,0.00017480,0.00018020,0.00017310,0.00017890,12422309.00000000,1583279999999
1583280000000,0.00017860,0.00018790,0.00017550,0.00017940,21505343.00000000,1583366399999
1583366400000,0.00017930,0.00017960,0.00017060,0.00017560,13623954.00000000,1583452799999
1583452800000,0.00017570,0.00017570,0.00016750,0.00016940,10580636.00000000,1583539199999
1583539200000,0.00016920,0.00017480,0.00016910,0.00017110,13484828.00000000,1583625599999
1583625600000,0.00017180,0.00017600,0.00016750,0.00017210,20110268.00000000,1583711999999
1583712000000,0.00017210,0.00018000,0.00016950,0.00017680,25245496.00000000,1583798399999
1583798400000,0.00017640,0.00017730,0.00017030,0.00017140,17141229.00000000,1583884799999
1583884800000,0.00017160,0.00017760,0.00017010,0.00017070,13269924.00000000,1583971199999
1583971200000,0.00017090,0.00018110,0.00013060,0.00013690,25175278.00000000,1584057599999
1584057600000,0.00013700,0.00014680,0.00012520,0.00012600,47210070.00000000,1584143999999
1584144000000,0.00012660,0.00013580,0.00012550,0.00012920,8580346.00000000,1584230399999
1584230400000,0.00012940,0.00013700,0.00012850,0.00013360,15736189.00000000,1584316799999
1584316800000,0.00013350,0.00013540,0.00011540,0.00011910,28722066.00000000,1584403199999
1584403200000,0.00011910,0.00012750,0.00011670,0.00012440,16634857.00000000,1584489599999
1584489600000,0.00012460,0.00013000,0.00011600,0.00012090,21019390.00000000,1584575999999
1584576000000,0.00012090,0.00013690,0.00012010,0.00013090,24637131.00000000,1584662399999
1584662400000,0.00013090,0.00013790,0.00012220,0.00012560,21071017.00000000,1584748799999
1584748800000,0.00012560,0.00013170,0.00012150,0.00012460,16051153.00000000,1584835199999
1584835200000,0.00012450,0.00013200,0.00011990,0.00012220,18737587.00000000,1584921599999
1584921600000,0.00012240,0.00012520,0.00011690,0.00012290,14342970.00000000,1585007999999
1585008000000,0.00012290,0.00012460,0.00012000,0.00012000,12357812.00000000,1585094399999
1585094400000,0.00012020,0.00012110,0.00011470,0.00012040,15639001.00000000,1585180799999
1585180800000,0.00012030,0.00013890,0.00011960,0.00013200,37315431.00000000,1585267199999
1585267200000,0.00013260,0.00013890,0.00012300,0.00012760,38061546.00000000,1585353599999
1585353600000,0.00012770,0.00012890,0.00011940,0.00012410,13061184.00000000,1585439999999
1585440000000,0.00012400,0.00012920,0.00012370,0.00012830,5013013.00000000,1585526399999
1585526400000,0.00012840,0.00012920,0.00012250,0.00012740,12772108.00000000,1585612799999
1585612800000,0.00012730,0.00012970,0.00012260,0.00012530,6905476.00000000,1585699199999
1585699200000,0.00012530,0.00013000,0.00012250,0.00012470,7340514.00000000,1585785599999
1585785600000,0.00012450,0.00012730,0.00011930,0.00012180,12294288.00000000,1585871999999
1585872000000,0.00012180,0.00012560,0.00011830,0.00012190,8841997.00000000,1585958399999
1585958400000,0.00012140,0.00012490,0.00011470,0.00011760,5661797.00000000,1586044799999
1586044800000,0.00011710,0.00012250,0.00011590,0.00011860,2038740.00000000,1586131199999
1586131200000,0.00011740,0.00012220,0.00011470,0.00011470,18215271.00000000,1586217599999
1586217600000,0.00011480,0.00012080,0.00011310,0.00011810,21162034.00000000,1586303999999
1586304000000,0.00011830,0.00012090,0.00011460,0.00011580,6852095.00000000,1586390399999
1586390400000,0.00011560,0.00012210,0.00011410,0.00011990,19673089.00000000,1586476799999
1586476800000,0.00011990,0.00012190,0.00011390,0.00011690,23758227.00000000,1586563199999
1586563200000,0.00011700,0.00011790,0.00011240,0.00011620,10414156.00000000,1586649599999
1586649600000,0.00011600,0.00011740,0.00011140,0.00011270,5007339.00000000,1586735999999
1586736000000,0.00011290,0.00011520,0.00009910,0.00010000,39397512.00000000,1586822399999
1586822400000,0.00010010,0.00010130,0.00009500,0.00009780,10972681.00000000,1586908799999
1586908800000,0.00009760,0.00010290,0.00009460,0.00010130,8353656.00000000,1586995199999
1586995200000,0.00010130,0.00010290,0.00009580,0.00010050,10250062.00000000,1587081599999
1587081600000,0.00010060,0.00010400,0.00009880,0.00010210,6071149.00000000,1587167999999
1587168000000,0.00010230,0.00010370,0.00009820,0.00010270,6438417.00000000,1587254399999
1587254400000,0.00010290,0.00010390,0.00009760,0.00010100,6354286.00000000,1587340799999
1587340800000,0.00010110,0.00010550,0.00009850,0.00010220,12721996.00000000,1587427199999
1587427200000,0.00010230,0.00010740,0.00009970,0.00010180,10369125.00000000,1587513599999
1587513600000,0.00010170,0.00010630,0.00010060,0.00010340,9699358.00000000,1587599999999
1587600000000,0.00010370,0.00010510,0.00009980,0.00010470,16385760.00000000,1587686399999
1587686400000,0.00010510,0.00012140,0.00010450,0.00012010,33079145.00000000,1587772799999
1587772800000,0.00011990,0.00013000,0.00011550,0.00012110,33892628.00000000,1587859199999
1587859200000,0.00012000,0.00013280,0.00012000,0.00012380,22299221.00000000,1587945599999
1587945600000,0.00012380,0.00012420,0.00011230,0.00011610,16372332.00000000,1588031999999
1588032000000,0.00011610,0.00011760,0.00011340,0.00011490,3385029.00000000,1588118399999
1588118400000,0.00011490,0.00011870,0.00011250,0.00011350,14016039.00000000,1588204799999
1588204800000,0.00011370,0.00011700,0.00010980,0.00011310,14063519.00000000,1588291199999
1588291200000,0.00011280,0.00011520,0.00010940,0.00011160,7989084.00000000,1588377599999
1588377600000,0.00011160,0.00011490,0.00011080,0.00011390,4446790.00000000,1588463999999
1588464000000,0.00011420,0.00011630,0.00011300,0.00011510,5668477.00000000,1588550399999
1588550400000,0.00011540,0.00011560,0.00011160,0.00011230,9196517.00000000,1588636799999
1588636800000,0.00011220,0.00012830,0.00011160,0.00012620,17942200.00000000,1588723199999
1588723200000,0.00012640,0.00013370,0.00012000,0.00012420,19781185.00000000,1588809599999
1588809600000,0.00012420,0.00012560,0.00011350,0.00011560,13467679.00000000,1588895999999
1588896000000,0.00011580,0.00011990,0.00011440,0.00011700,7690985.00000000,1588982399999
1588982400000,0.00011710,0.00012240,0.00011540,0.00012040,9685200.00000000,1589068799999
1589068800000,0.00012040,0.00012680,0.00011540,0.00011990,18195447.00000000,1589155199999
1589155200000,0.00012000,0.00012970,0.00011760,0.00012060,12825166.00000000,1589241599999
1589241600000,0.00012060,0.00012290,0.00011520,0.00011800,10221955.00000000,1589327999999
1589328000000,0.00011810,0.00013090,0.00011750,0.00013090,7055069.00000000,1589414399999
1589414400000,0.00013090,0.00014640,0.00012880,0.00014310,20386532.00000000,1589500799999
1589500800000,0.00014300,0.00015920,0.00013760,0.00015290,18528022.00000000,1589587199999
1589587200000,0.00015300,0.00019240,0.00015130,0.00017330,64212999.00000000,1589673599999
1589673600000,0.00017310,0.00018140,0.00015640,0.00015810,22877680.00000000,1589759999999
1589760000000,0.00015830,0.00016430,0.00015500,0.00015810,9806931.00000000,1589846399999
1589846400000,0.00015770,0.00015890,0.00014660,0.00015020,9874773.00000000,1589932799999
1589932800000,0.00015010,0.00015350,0.00014180,0.00014890,7462894.00000000,1590019199999
1590019200000,0.00014840,0.00016570,0.00014610,0.00015260,13205792.00000000,1590105599999
1590105600000,0.00015240,0.00016790,0.00014950,0.00015910,19825683.00000000,1590191999999
1590192000000,0.00016080,0.00016080,0.00015410,0.00015720,6830858.00000000,1590278399999
1590278400000,0.00015770,0.00018360,0.00015730,0.00016270,28208142.00000000,1590364799999
1590364800000,0.00016450,0.00019660,0.00016190,0.00019010,33545052.00000000,1590451199999
1590451200000,0.00019150,0.00020960,0.00017270,0.00017650,26125374.00000000,1590537599999
1590537600000,0.00017660,0.00018950,0.00016990,0.00017370,25106618.00000000,1590623999999
1590624000000,0.00017460,0.00018450,0.00016710,0.00016840,17545122.00000000,1590710399999
1590710400000,0.00016950,0.00017420,0.00016420,0.00016690,7084140.00000000,1590796799999
1590796800000,0.00016720,0.00017050,0.00016040,0.00016270,16935042.00000000,1590883199999
1590883200000,0.00016360,0.00017580,0.00015600,0.00016530,19493606.00000000,1590969599999
1590969600000,0.00016530,0.00017450,0.00015570,0.00015890,11511419.00000000,1591055999999
1591056000000,0.00015770,0.00016270,0.00015020,0.00016010,10148047.00000000,1591142399999
1591142400000,0.00016070,0.00016780,0.00015530,0.00016220,7228718.00000000,1591228799999
1591228800000,0.00016220,0.00016590,0.00015920,0.00016370,6085268.00000000,1591315199999
1591315200000,0.00016370,0.00016590,0.00015810,0.00016260,7059721.00000000,1591401599999
1591401600000,0.00016230,0.00016720,0.00015950,0.00016670,6581753.00000000,1591487999999
1591488000000,0.00016680,0.00018430,0.00016470,0.00017760,22849968.00000000,1591574399999
1591574400000,0.00017760,0.00019190,0.00017730,0.00017750,20104240.00000000,1591660799999
1591660800000,0.00017810,0.00019920,0.00017690,0.00019350,17270711.00000000,1591747199999
1591747200000,0.00019620,0.00020360,0.00018890,0.00019090,10594672.00000000,1591833599999
1591833600000,0.00019140,0.00019770,0.00018210,0.00018480,9978052.00000000,1591919999999
1591920000000,0.00018490,0.00019700,0.00018420,0.00019510,5883658.00000000,1592006399999
1592006400000,0.00019460,0.00023380,0.00019020,0.00023070,26383692.00000000,1592092799999
1592092800000,0.00023070,0.00025670,0.00022460,0.00023190,37960930.00000000,1592179199999
1592179200000,0.00023190,0.00025260,0.00021280,0.00024570,26147441.00000000,1592265599999
1592265600000,0.00024550,0.00025290,0.00023580,0.00024280,26678004.00000000,1592351999999
1592352000000,0.00024390,0.00024430,0.00023020,0.00023610,9806704.00000000,1592438399999
1592438400000,0.00023610,0.00027390,0.00023480,0.00027010,20708171.00000000,1592524799999
1592524800000,0.00027230,0.00029020,0.00025510,0.00027590,29951129.00000000,1592611199999
1592611200000,0.00027580,0.00028790,0.00026760,0.00027140,21166996.00000000,1592697599999
1592697600000,0.00027200,0.00027410,0.00025140,0.00025330,4391534.00000000,1592783999999
1592784000000,0.00025490,0.00026830,0.00023300,0.00024420,24934920.00000000,1592870399999
1592870400000,0.00024430,0.00025050,0.00023460,0.00024350,9395381.00000000,1592956799999
1592956800000,0.00024350,0.00024990,0.00022580,0.00023500,14471546.00000000,1593043199999
1593043200000,0.00023640,0.00023710,0.00022640,0.00023350,5451592.00000000,1593129599999
1593129600000,0.00023280,0.00023790,0.00021680,0.00021730,9972805.00000000,1593215999999
1593216000000,0.00021770,0.00023370,0.00020950,0.00022640,25644191.00000000,1593302399999
1593302400000,0.00022770,0.00026090,0.00022340,0.00024420,17986431.00000000,1593388799999
1593388800000,0.00024530,0.00024860,0.00023530,0.00023820,6386316.00000000,1593475199999
1593475200000,0.00023820,0.00024070,0.00022570,0.00022790,2697605.00000000,1593561599999
1593561600000,0.00022810,0.00025250,0.00022040,0.00024110,16293188.00000000,1593647999999
1593648000000,0.00024110,0.00027920,0.00023990,0.00026420,22007240.00000000,1593734399999
1593734400000,0.00026420,0.00028390,0.00025380,0.00026780,18324217.00000000,1593820799999
1593820800000,0.00026850,0.00027570,0.00026390,0.00027420,6140899.00000000,1593907199999
1593907200000,0.00027420,0.00027770,0.00024310,0.00025070,14720446.00000000,1593993599999
1593993600000,0.00025190,0.00027660,0.00024780,0.00026420,14378161.00000000,1594079999999
1594080000000,0.00026280,0.00027570,0.00025570,0.00025980,24239116.00000000,1594166399999
1594166400000,0.00025990,0.00027100,0.00025070,0.00025640,37963740.00000000,1594252799999
1594252800000,0.00025700,0.00028700,0.00025210,0.00026760,40922639.00000000,1594339199999
1594339200000,0.00026780,0.00030360,0.00026350,0.00029040,72234979.00000000,1594425599999
1594425600000,0.00029030,0.00030480,0.00026730,0.00027280,45820615.00000000,1594511999999
1594512000000,0.00027330,0.00028140,0.00024920,0.00027310,56204212.00000000,1594598399999
1594598400000,0.00027340,0.00028700,0.00026280,0.00027410,58265637.00000000,1594684799999
1594684800000,0.00027410,0.00027490,0.00025780,0.00026420,33618442.00000000,1594771199999
1594771200000,0.00026420,0.00026990,0.00025650,0.00026050,23558329.00000000,1594857599999
1594857600000,0.00026050,0.00027990,0.00025210,0.00027640,61764599.00000000,1594943999999
1594944000000,0.00027920,0.00028410,0.00026840,0.00027350,34983253.00000000,1595030399999
1595030400000,0.00027380,0.00029030,0.00026570,0.00028780,26541538.00000000,1595116799999
1595116800000,0.00028780,0.00029740,0.00026450,0.00027620,35028047.00000000,1595203199999
1595203200000,0.00027570,0.00033530,0.00027080,0.00033290,90147178.00000000,1595289599999
1595289600000,0.00033290,0.00039950,0.00031060,0.00037870,70586143.00000000,1595375999999
1595376000000,0.00037570,0.00044000,0.00034860,0.00034860,50468605.00000000,1595462399999
1595462400000,0.00035170,0.00037940,0.00032300,0.00033460,22998601.00000000,1595548799999
1595548800000,0.00033410,0.00035600,0.00030970,0.00034330,21515922.00000000,1595635199999
1595635200000,0.00034250,0.00035410,0.00031020,0.00031860,11510619.00000000,1595721599999
1595721600000,0.00031840,0.00038770,0.00028840,0.00038030,25844935.00000000,1595807999999
1595808000000,0.00037990,0.00047360,0.00036160,0.00040420,67296764.00000000,1595894399999
1595894400000,0.00039790,0.00042190,0.00035550,0.00037620,22147175.00000000,1595980799999
1595980800000,0.00037600,0.00039630,0.00033930,0.00035490,17202361.00000000,1596067199999
1596067200000,0.00035500,0.00038910,0.00034700,0.00035430,17638961.00000000,1596153599999
1596153600000,0.00035580,0.00035920,0.00032000,0.00032650,8728273.00000000,1596239999999
1596240000000,0.00032690,0.00034340,0.00029870,0.00029870,13332977.00000000,1596326399999
1596326400000,0.00029870,0.00031170,0.00027710,0.00029050,13012183.00000000,1596412799999
1596412800000,0.00028840,0.00030560,0.00028000,0.00030290,7678511.00000000,1596499199999
1596499200000,0.00030290,0.00032550,0.00029510,0.00031260,15786245.00000000,1596585599999
1596585600000,0.00031070,0.00031260,0.00028640,0.00029700,17746236.00000000,1596671999999
1596672000000,0.00029680,0.00035000,0.00029680,0.00034640,29724538.00000000,1596758399999
1596758400000,0.00034770,0.00035910,0.00032710,0.00033420,10542650.00000000,1596844799999
1596844800000,0.00033700,0.00037850,0.00033340,0.00035670,11182844.00000000,1596931199999
1596931200000,0.00035850,0.00045230,0.00034740,0.00045230,20244275.00000000,1597017599999
1597017600000,0.00045080,0.00055360,0.00038620,0.00048350,52086341.00000000,1597103999999
1597104000000,0.00048420,0.00054350,0.00044080,0.00048510,21611884.00000000,1597190399999
1597190400000,0.00048360,0.00051930,0.00047100,0.00050920,10988978.00000000,1597276799999
1597276800000,0.00050150,0.00052440,0.00046130,0.00047310,18322002.00000000,1597363199999
1597363200000,0.00047980,0.00062820,0.00047700,0.00057360,28942270.00000000,1597449599999
1597449600000,0.00056620,0.00058940,0.00049650,0.00053670,15109745.00000000,1597535999999
1597536000000,0.00053690,0.00056290,0.00051160,0.00054030,15748144.00000000,1597622399999
1597622400000,0.00054020,0.00056520,0.00048630,0.00050450,11574316.00000000,1597708799999
1597708800000,0.00050250,0.00054610,0.00048350,0.00049250,10417371.00000000,1597795199999
1597795200000,0.00049120,0.00049930,0.00044810,0.00047110,13875094.00000000,1597881599999
1597881600000,0.00047040,0.00054000,0.00045810,0.00052840,5683613.00000000,1597967999999
1597968000000,0.00052810,0.00054130,0.00046490,0.00046830,12094227.00000000,1598054399999
1598054400000,0.00046750,0.00048530,0.00045450,0.00046700,6097208.00000000,1598140799999
1598140800000,0.00046780,0.00050640,0.00045220,0.00049020,6669935.00000000,1598227199999
1598227200000,0.00049350,0.00058200,0.00047960,0.00056160,12248811.00000000,1598313599999
1598313600000,0.00055870,0.00057980,0.00050930,0.00054820,12051527.00000000,1598399999999
1598400000000,0.00054310,0.00056140,0.00050590,0.00055960,6915447.00000000,1598486399999
1598486400000,0.00055820,0.00061880,0.00051800,0.00051890,12254397.00000000,1598572799999
1598572800000,0.00052370,0.00055640,0.00051680,0.00053010,4375575.00000000,1598659199999
1598659200000,0.00053190,0.00054160,0.00050180,0.00051440,4205082.00000000,1598745599999
1598745600000,0.00051140,0.00051390,0.00048260,0.00049050,9524363.00000000,1598831999999
1598832000000,0.00048610,0.00049590,0.00047090,0.00047320,3562383.00000000,1598918399999
1598918400000,0.00047630,0.00047810,0.00041050,0.00042090,10983602.00000000,1599004799999
1599004800000,0.00041640,0.00042720,0.00036990,0.00040810,8750905.00000000,1599091199999
1599091200000,0.00040930,0.00041140,0.00035110,0.00037400,9843991.00000000,1599177599999
1599177600000,0.00037600,0.00039040,0.00034220,0.00035950,8773068.00000000,1599263999999
1599264000000,0.00035950,0.00039170,0.00030400,0.00030850,14971470.00000000,1599350399999
1599350400000,0.00030960,0.00033130,0.00027000,0.00028290,15867010.00000000,1599436799999
1599436800000,0.00028200,0.00029670,0.00027330,0.00028610,7037763.00000000,1599523199999
1599523200000,0.00028810,0.00029650,0.00026840,0.00027090,8148137.00000000,1599609599999
1599609600000,0.00027150,0.00030160,0.00026000,0.00028200,5375357.00000000,1599695999999
1599696000000,0.00028610,0.00031000,0.00028290,0.00029070,5096973.00000000,1599782399999
1599782400000,0.00029120,0.00030240,0.00027440,0.00027950,3853592.00000000,1599868799999
1599868800000,0.00027730,0.00028690,0.00025480,0.00026380,6389961.00000000,1599955199999
1599955200000,0.00026280,0.00026280,0.00021880,0.00022210,5968559.00000000,1600041599999
1600041600000,0.00022310,0.00023580,0.00020370,0.00021860,3820956.00000000,1600127999999
1600128000000,0.00021970,0.00023900,0.00021510,0.00021940,5957239.00000000,1600214399999
1600214400000,0.00021940,0.00022420,0.00020530,0.00021120,4780008.00000000,1600300799999
1600300800000,0.00020950,0.00022220,0.00020720,0.00021620,2804840.00000000,1600387199999
1600387200000,0.00021570,0.00021980,0.00020110,0.00020250,3712926.00000000,1600473599999
1600473600000,0.00020400,0.00021220,0.00019620,0.00020510,6409985.00000000,1600559999999
1600560000000,0.00020420,0.00020810,0.00019490,0.00019490,4374040.00000000,1600646399999
1600646400000,0.00019750,0.00021420,0.00018690,0.00019800,15428561.00000000,1600732799999
1600732800000,0.00019800,0.00019890,0.00018250,0.00019370,8563095.00000000,1600819199999
1600819200000,0.00019270,0.00019450,0.00017520,0.00018140,6135807.00000000,1600905599999
1600905600000,0.00017810,0.00019380,0.00017500,0.00018330,12227595.00000000,1600991999999
1600992000000,0.00018540,0.00021090,0.00018160,0.00020770,6370156.00000000,1601078399999
1601078400000,0.00020720,0.00021990,0.00019860,0.00020330,13727033.00000000,1601164799999
1601164800000,0.00020500,0.00020500,0.00018490,0.00019510,6374891.00000000,1601251199999
1601251200000,0.00019500,0.00019870,0.00018220,0.00018420,6125562.00000000,1601337599999
1601337600000,0.00018190,0.00018580,0.00017070,0.00017610,2829046.00000000,1601423999999
1601424000000,0.00017580,0.00019280,0.00017390,0.00018200,13218919.00000000,1601510399999
1601510400000,0.00018290,0.00019270,0.00017010,0.00017450,13114009.00000000,1601596799999
1601596800000,0.00017640,0.00017930,0.00016590,0.00017430,5149652.00000000,1601683199999
1601683200000,0.00017320,0.00017680,0.00016570,0.00016630,1799344.00000000,1601769599999
1601769600000,0.00016590,0.00016670,0.00015220,0.00016010,4160123.00000000,1601855999999
1601856000000,0.00016230,0.00016510,0.00015940,0.00016200,1607959.00000000,1601942399999
1601942400000,0.00016120,0.00017340,0.00014110,0.00014330,7350782.00000000,1602028799999
1602028800000,0.00014340,0.00015020,0.00013760,0.00014660,4877364.00000000,1602115199999
1602115200000,0.00014770,0.00016040,0.00014380,0.00015700,3104829.00000000,1602201599999
1602201600000,0.00015700,0.00016170,0.00015230,0.00015830,2336224.00000000,1602287999999
1602288000000,0.00015850,0.00016170,0.00015450,0.00015450,3110119.00000000,1602374399999
1602374400000,0.00015440,0.00016170,0.00015440,0.00015620,3466464.00000000,1602460799999
1602460800000,0.00015540,0.00015840,0.00014790,0.00015080,3317511.00000000,1602547199999
1602547200000,0.00015110,0.00016420,0.00014600,0.00016080,8238515.00000000,1602633599999
1602633600000,0.00016220,0.00016940,0.00015280,0.00015560,7856290.00000000,1602719999999
1602720000000,0.00015590,0.00015680,0.00014310,0.00014440,3783087.00000000,1602806399999
1602806400000,0.00014440,0.00014980,0.00013800,0.00013840,2965861.00000000,1602892799999
1602892800000,0.00013810,0.00014500,0.00013710,0.00014380,1044907.00000000,1602979199999
1602979200000,0.00014260,0.00015350,0.00014260,0.00015220,2250530.00000000,1603065599999
1603065600000,0.00015230,0.00015230,0.00014410,0.00014680,3292814.00000000,1603151999999
1603152000000,0.00014680,0.00015720,0.00014020,0.00014070,6017280.00000000,1603238399999
1603238400000,0.00014070,0.00014520,0.00013860,0.00014390,3189917.00000000,1603324799999
1603324800000,0.00014230,0.00014830,0.00013980,0.00014230,1913865.00000000,1603411199999
1603411200000,0.00014230,0.00014930,0.00013920,0.00013930,4394169.00000000,1603497599999
1603497600000,0.00014000,0.00014550,0.00014000,0.00014160,781241.00000000,1603583999999
1603584000000,0.00014160,0.00014700,0.00013610,0.00014340,1381945.00000000,1603670399999
1603670400000,0.00014420,0.00014420,0.00012340,0.00013060,4344060.00000000,1603756799999
1603756800000,0.00013090,0.00013230,0.00012250,0.00012630,2941884.00000000,1603843199999
1603843200000,0.00012670,0.00013040,0.00012080,0.00012200,4835414.00000000,1603929599999
1603929600000,0.00012140,0.00012550,0.00011830,0.00012160,5147538.00000000,1604015999999
1604016000000,0.00012120,0.00012320,0.00011690,0.00012120,5519749.00000000,1604102399999
1604102400000,0.00012170,0.00012410,0.00011910,0.00012020,3294199.00000000,1604188799999
1604188800000,0.00012070,0.00015180,0.00012070,0.00013900,26109990.00000000,1604275199999
1604275200000,0.00013850,0.00014060,0.00012780,0.00013040,6521910.00000000,1604361599999
1604361600000,0.00013090,0.00013700,0.00012800,0.00013320,5125762.00000000,1604447999999
1604448000000,0.00013340,0.00013950,0.00013140,0.00013710,5988131.00000000,1604534399999
1604534400000,0.00013740,0.00013740,0.00012580,0.00013290,13156838.00000000,1604620799999
1604620800000,0.00013250,0.00014850,0.00012700,0.00014580,13737283.00000000,1604707199999
1604707200000,0.00014620,0.00014820,0.00013600,0.00014010,11557349.00000000,1604793599999
1604793600000,0.00014010,0.00014670,0.00013800,0.00014500,4805363.00000000,1604879999999
1604880000000,0.00014470,0.00016540,0.00014350,0.00016240,12623104.00000000,1604966399999
1604966400000,0.00016330,0.00018480,0.00016330,0.00016920,11966437.00000000,1605052799999
1605052800000,0.00017100,0.00018230,0.00016420,0.00017200,4256102.00000000,1605139199999
1605139200000,0.00017170,0.00017170,0.00016100,0.00016350,3141931.00000000,1605225599999
1605225600000,0.00016510,0.00016860,0.00016090,0.00016500,2730078.00000000,1605311999999
1605312000000,0.00016420,0.00016520,0.00015700,0.00016040,1190251.00000000,1605398399999
1605398400000,0.00015840,0.00016310,0.00015230,0.00015490,1735196.00000000,1605484799999
1605484800000,0.00015340,0.00016420,0.00015230,0.00015520,1632287.00000000,1605571199999
1605571200000,0.00015550,0.00016040,0.00015010,0.00015840,4669500.00000000,1605657599999
1605657600000,0.00015890,0.00016350,0.00015020,0.00015670,3237543.00000000,1605743999999
1605744000000,0.00015520,0.00016640,0.00015100,0.00015720,3267481.00000000,1605830399999
1605830400000,0.00015820,0.00016500,0.00015290,0.00016010,3978212.00000000,1605916799999
1605916800000,0.00015980,0.00017050,0.00015950,0.00016260,3295216.00000000,1606003199999
1606003200000,0.00016260,0.00017780,0.00015470,0.00016860,6417064.00000000,1606089599999
1606089600000,0.00016960,0.00018870,0.00016260,0.00018020,5391323.00000000,1606175999999
1606176000000,0.00018020,0.00018750,0.00016020,0.00017170,13867444.00000000,1606262399999
1606262400000,0.00017230,0.00023050,0.00016820,0.00020120,13260165.00000000,1606348799999
1606348800000,0.00020190,0.00020690,0.00017450,0.00019180,10375607.00000000,1606435199999
1606435200000,0.00019230,0.00019440,0.00017930,0.00018280,2814468.00000000,1606521599999
1606521600000,0.00018280,0.00020300,0.00018050,0.00019520,2884972.00000000,1606607999999
1606608000000,0.00019690,0.00020760,0.00018290,0.00018880,5212333.00000000,1606694399999
1606694400000,0.00018800,0.00019320,0.00017560,0.00018370,5830500.00000000,1606780799999
1606780800000,0.00018240,0.00019310,0.00018070,0.00018660,2658697.00000000,1606867199999
1606867200000,0.00018520,0.00019490,0.00018070,0.00018620,2884357.00000000,1606953599999
1606953600000,0.00018560,0.00019310,0.00018180,0.00018340,4419067.00000000,1607039999999
1607040000000,0.00018340,0.00018550,0.00017900,0.00018100,3328905.00000000,1607126399999
1607126400000,0.00018100,0.00018390,0.00017670,0.00018090,1528360.00000000,1607212799999
1607212800000,0.00017900,0.00018010,0.00017300,0.00017500,1339295.00000000,1607299199999
1607299200000,0.00017360,0.00019160,0.00017130,0.00018430,2509229.00000000,1607385599999
1607385600000,0.00018400,0.00018520,0.00016880,0.00017240,3753509.00000000,1607471999999
1607472000000,0.00016980,0.00018020,0.00016790,0.00017830,2644481.00000000,1607558399999
1607558400000,0.00017900,0.00018560,0.00017520,0.00017960,893228.00000000,1607644799999
1607644800000,0.00017950,0.00018100,0.00017080,0.00017250,3540409.00000000,1607731199999
1607731200000,0.00017250,0.00018510,0.00017250,0.00018390,978008.00000000,1607817599999
1607817600000,0.00018390,0.00018620,0.00017220,0.00018000,1987666.00000000,1607903999999
1607904000000,0.00017810,0.00017890,0.00016500,0.00016660,2185347.00000000,1607990399999
1607990400000,0.00016780,0.00018420,0.00016680,0.00018130,1799040.00000000,1608076799999
1608076800000,0.00018200,0.00019370,0.00017790,0.00018590,4463076.00000000,1608163199999
1608163200000,0.00018440,0.00018440,0.00017280,0.00017630,3277896.00000000,1608249599999
1608249600000,0.00017620,0.00019190,0.00017440,0.00018520,1955934.00000000,1608335999999
1608336000000,0.00018380,0.00018420,0.00016030,0.00016900,5004655.00000000,1608422399999
1608422400000,0.00016950,0.00017400,0.00015430,0.00016930,3003912.00000000,1608508799999
1608508800000,0.00016750,0.00017110,0.00016120,0.00016470,2743653.00000000,1608595199999
1608595200000,0.00016570,0.00017360,0.00016060,0.00016570,1900934.00000000,1608681599999
1608681600000,0.00016690,0.00016690,0.00013700,0.00014600,3969250.00000000,1608767999999
1608768000000,0.00014420,0.00015180,0.00013500,0.00014600,2494756.00000000,1608854399999
1608854400000,0.00014840,0.00015360,0.00014500,0.00014510,1804224.00000000,1608940799999
1608940800000,0.00014510,0.00015850,0.00014000,0.00014450,4227148.00000000,1609027199999
1609027200000,0.00014290,0.00015590,0.00014080,0.00014900,5371681.00000000,1609113599999
1609113600000,0.00014820,0.00015170,0.00013880,0.00013940,5182676.00000000,1609199999999
1609200000000,0.00013940,0.00014100,0.00011720,0.00011880,23100018.00000000,1609286399999
1609286400000,0.00011870,0.00012140,0.00011150,0.00011380,26159165.00000000,1609372799999
1609372800000,0.00011220,0.00012450,0.00011200,0.00011820,25284773.00000000,1609459199999
1609459200000,0.00011820,0.00013380,0.00011610,0.00012680,23056201.00000000,1609545599999
1609545600000,0.00012950,0.00013840,0.00012070,0.00012590,20932526.00000000,1609631999999
1609632000000,0.00012590,0.00014810,0.00012400,0.00013090,22584340.00000000,1609718399999
1609718400000,0.00013050,0.00014670,0.00012720,0.00013980,22328493.00000000,1609804799999
1609804800000,0.00013980,0.00015990,0.00013490,0.00014180,20336622.00000000,1609891199999
1609891200000,0.00014140,0.00017480,0.00013990,0.00016660,21791594.00000000,1609977599999
1609977600000,0.00016820,0.00017830,0.00015400,0.00015550,16781347.00000000,1610063999999
1610064000000,0.00015550,0.00016240,0.00014820,0.00015410,17446945.00000000,1610150399999
1610150400000,0.00015420,0.00019700,0.00015140,0.00016780,21496022.00000000,1610236799999
1610236800000,0.00016750,0.00017100,0.00015090,0.00016950,20448133.00000000,1610323199999
1610323200000,0.00017000,0.00017350,0.00014600,0.00016080,18552324.00000000,1610409599999
1610409600000,0.00016090,0.00016190,0.00014800,0.00015270,19201956.00000000,1610495999999
1610496000000,0.00015210,0.00016200,0.00014810,0.00015880,19487551.00000000,1610582399999
1610582400000,0.00015990,0.00017230,0.00014970,0.00014970,20412816.00000000,1610668799999
1610668800000,0.00015120,0.00016590,0.00014620,0.00015220,22158060.00000000,1610755199999
1610755200000,0.00015410,0.00017590,0.00014770,0.00015460,30983423.00000000,1610841599999
1610841600000,0.00015270,0.00016120,0.00014670,0.00015840,31234015.00000000,1610927999999
1610928000000,0.00015920,0.00017290,0.00015210,0.00016420,19379234.00000000,1611014399999
1611014400000,0.00016420,0.00019500,0.00016420,0.00018900,26036009.00000000,1611100799999
1611100800000,0.00018830,0.00019790,0.00016650,0.00018420,16876250.00000000,1611187199999
1611187200000,0.00018360,0.00019160,0.00017050,0.00017400,18192150.00000000,1611273599999
1611273600000,0.00017320,0.00018190,0.00016170,0.00017600,17068679.00000000,1611359999999
1611360000000,0.00017660,0.00019180,0.00017080,0.00018850,16489244.00000000,1611446399999
1611446400000,0.00018710,0.00018840,0.00017550,0.00017700,17015898.00000000,1611532799999
1611532800000,0.00017840,0.00018620,0.00016890,0.00016920,16797756.00000000,1611619199999
1611619200000,0.00016860,0.00017200,0.00016070,0.00016940,17522106.00000000,1611705599999
1611705600000,0.00016920,0.00017760,0.00015330,0.00016780,20101834.00000000,1611791999999
1611792000000,0.00016890,0.00021790,0.00016890,0.00018760,26688448.00000000,1611878399999
1611878400000,0.00018950,0.00022200,0.00018580,0.00020290,29234466.00000000,1611964799999
1611964800000,0.00020220,0.00022220,0.00019340,0.00019800,14958947.00000000,1612051199999
1612051200000,0.00019800,0.00019800,0.00018480,0.00019440,16271633.00000000,1612137599999
1612137600000,0.00019440,0.00019520,0.00015700,0.00015800,17476726.00000000,1612223999999
1612224000000,0.00015790,0.00017770,0.00015780,0.00017350,30594157.00000000,1612310399999
1612310400000,0.00017350,0.00020220,0.00016950,0.00019720,40012493.00000000,1612396799999
1612396800000,0.00019680,0.00022840,0.00018690,0.00018800,50243156.00000000,1612483199999
1612483200000,0.00018660,0.00020090,0.00016460,0.00017080,35021024.00000000,1612569599999
1612569600000,0.00017120,0.00018180,0.00013690,0.00014370,39823481.00000000,1612655999999
1612656000000,0.00014360,0.00015570,0.00014200,0.00015330,21022224.00000000,1612742399999
1612742400000,0.00015190,0.00019420,0.00014580,0.00015730,57333970.00000000,1612828799999
1612828800000,0.00015790,0.00020500,0.00014610,0.00016180,100413901.00000000,1612915199999
1612915200000,0.00016170,0.00016170,0.00011480,0.00011920,35003742.00000000,1613001599999
1613001600000,0.00012100,0.00014120,0.00011690,0.00013180,17250624.00000000,1613087999999
1613088000000,0.00013180,0.00014050,0.00011910,0.00013200,22157079.00000000,1613174399999
1613174400000,0.00013160,0.00017250,0.00013080,0.00015510,61370784.00000000,1613260799999
1613260800000,0.00015490,0.00018620,0.00015140,0.00016140,38015459.00000000,1613347199999
1613347200000,0.00016090,0.00016720,0.00014000,0.00014770,27508334.00000000,1613433599999
1613433600000,0.00014760,0.00015650,0.00014340,0.00014450,19268587.00000000,1613519999999
1613520000000,0.00014520,0.00014530,0.00011230,0.00011710,22133685.00000000,1613606399999
1613606400000,0.00011740,0.00012660,0.00009810,0.00010840,27416875.00000000,1613692799999
1613692800000,0.00010880,0.00010950,0.00005770,0.00006360,39212367.00000000,1613779199999
1613779200000,0.00006310,0.00009690,0.00006280,0.00008720,59902731.00000000,1613865599999
1613865600000,0.00008640,0.00008820,0.00007180,0.00007560,29157320.00000000,1613951999999
1613952000000,0.00007530,0.00008290,0.00007270,0.00007480,59452071.00000000,1614038399999
1614038400000,0.00007480,0.00007730,0.00006530,0.00007020,100949249.00000000,1614124799999
1614124800000,0.00007070,0.00007240,0.00006470,0.00006710,62992007.00000000,1614211199999
1614211200000,0.00006760,0.00008400,0.00006560,0.00007290,81058952.00000000,1614297599999
1614297600000,0.00007380,0.00008260,0.00007100,0.00007870,98673312.00000000,1614383999999
1614384000000,0.00007890,0.00011000,0.00007750,0.00009690,130801048.00000000,1614470399999
1614470400000,0.00009690,0.00012010,0.00009420,0.00011140,76466218.00000000,1614556799999
1614556800000,0.00011170,0.00011870,0.00008950,0.00009160,38287390.00000000,1614643199999
1614643200000,0.00009160,0.00009730,0.00008640,0.00009370,32705627.00000000,1614729599999
1614729600000,0.00009460,0.00010470,0.00009310,0.00010300,31176062.00000000,1614815999999
1614816000000,0.00010300,0.00011710,0.00009600,0.00011120,30471914.00000000,1614902399999
1614902400000,0.00011130,0.00013680,0.00010770,0.00012900,71553098.00000000,1614988799999
1614988800000,0.00012890,0.00014660,0.00012440,0.00012760,28792398.00000000,1615075199999
1615075200000,0.00012750,0.00013000,0.00011390,0.00011630,26277936.00000000,1615161599999
1615161600000,0.00011690,0.00013600,0.00011040,0.00012660,24982676.00000000,1615247999999
1615248000000,0.00012690,0.00013440,0.00010900,0.00011380,26499921.00000000,1615334399999
1615334400000,0.00011280,0.00012840,0.00011220,0.00011550,25820710.00000000,1615420799999
1615420800000,0.00011590,0.00013010,0.00010860,0.00012080,30168751.00000000,1615507199999
1615507200000,0.00012020,0.00017000,0.00011920,0.00015850,31403861.00000000,1615593599999
1615593600000,0.00016010,0.00023070,0.00015890,0.00016850,74344388.00000000,1615679999999
1615680000000,0.00016840,0.00022140,0.00016420,0.00020550,57662799.00000000,1615766399999
1615766400000,0.00020550,0.00026770,0.00020250,0.00023080,66656443.00000000,1615852799999
1615852800000,0.00023090,0.00024260,0.00020630,0.00020900,30203047.00000000,1615939199999
1615939200000,0.00020780,0.00020780,0.00018340,0.00018850,48631323.00000000,1616025599999
1616025600000,0.00018810,0.00020500,0.00017520,0.00019340,15554018.00000000,1616111999999
1616112000000,0.00019160,0.00023670,0.00019010,0.00020940,24211501.00000000,1616198399999
1616198400000,0.00020840,0.00026000,0.00020380,0.00022650,25962777.00000000,1616284799999
1616284800000,0.00022750,0.00030360,0.00021350,0.00028410,78761239.00000000,1616371199999
1616371200000,0.00028440,0.00035920,0.00027930,0.00030270,117713252.00000000,1616457599999
1616457600000,0.00030220,0.00033100,0.00025900,0.00029650,44430378.00000000,1616543999999
1616544000000,0.00029630,0.00033720,0.00028510,0.00029280,28338668.00000000,1616630399999
1616630400000,0.00029430,0.00032680,0.00028070,0.00028950,18096985.00000000,1616716799999
1616716800000,0.00028940,0.00030830,0.00026780,0.00027190,17686147.00000000,1616803199999
1616803200000,0.00027260,0.00035400,0.00026780,0.00033950,49825679.00000000,1616889599999
1616889600000,0.00034190,0.00037380,0.00030800,0.00032810,43048287.00000000,1616975999999
1616976000000,0.00032890,0.00034960,0.00030800,0.00031650,22168686.00000000,1617062399999
1617062400000,0.00031840,0.00033770,0.00028950,0.00029580,16156584.00000000,1617148799999
1617148800000,0.00029580,0.00029900,0.00026960,0.00027740,18113955.00000000,1617235199999
1617235200000,0.00027600,0.00028010,0.00023400,0.00023780,20854010.00000000,1617321599999
1617321600000,0.00023780,0.00024600,0.00021680,0.00023530,7851749.00000000,1617407999999
1617408000000,0.00023510,0.00025360,0.00023200,0.00023590,10558871.00000000,1617494399999
1617494400000,0.00023400,0.00023730,0.00021620,0.00021930,10202625.00000000,1617580799999
1617580800000,0.00021970,0.00022900,0.00019580,0.00020220,11228302.00000000,1617667199999
1617667200000,0.00020220,0.00023640,0.00016760,0.00017100,10980364.00000000,1617753599999
1617753600000,0.00017130,0.00017690,0.00014990,0.00016550,18433409.00000000,1617839999999
1617840000000,0.00016630,0.00018180,0.00015950,0.00017290,17160825.00000000,1617926399999
1617926400000,0.00017310,0.00018140,0.00014930,0.00014930,13931122.00000000,1618012799999
1618012800000,0.00014930,0.00015240,0.00013320,0.00013880,9333968.00000000,1618099199999
1618099200000,0.00013920,0.00014290,0.00012010,0.00012160,11925672.00000000,1618185599999
1618185600000,0.00012010,0.00012160,0.00009780,0.00010320,18747266.00000000,1618271999999
1618272000000,0.00010360,0.00011430,0.00010210,0.00011120,10825600.00000000,1618358399999
1618358400000,0.00011110,0.00014530,0.00010400,0.00013300,31564375.00000000,1618444799999
1618444800000,0.00013290,0.00015630,0.00012960,0.00013700,43116462.00000000,1618531199999
1618531200000,0.00013700,0.00014400,0.00012950,0.00013520,10216411.00000000,1618617599999
1618617600000,0.00013430,0.00014730,0.00013170,0.00013510,14854430.00000000,1618703999999
1618704000000,0.00013610,0.00013690,0.00010600,0.00012610,13554698.00000000,1618790399999
1618790400000,0.00012540,0.00012540,0.00010620,0.00010620,10082244.00000000,1618876799999
1618876800000,0.00010600,0.00011120,0.00008750,0.00009450,31635779.00000000,1618963199999
1618963200000,0.00009440,0.00009940,0.00009100,0.00009560,9334544.00000000,1619049599999
1619049600000,0.00009540,0.00010380,0.00009340,0.00010060,14322874.00000000,1619135999999
1619136000000,0.00010090,0.00010330,0.00008580,0.00009090,21256447.00000000,1619222399999
1619222400000,0.00009200,0.00009350,0.00008530,0.00008610,7041171.00000000,1619308799999
1619308800000,0.00008570,0.00009730,0.00008550,0.00008610,6458443.00000000,1619395199999
1619395200000,0.00008620,0.00011400,0.00008540,0.00011130,18900412.00000000,1619481599999
1619481600000,0.00011120,0.00012020,0.00010020,0.00012020,20632095.00000000,1619567999999
1619568000000,0.00012000,0.00012540,0.00011150,0.00011170,15314794.00000000,1619654399999
1619654400000,0.00011160,0.00011260,0.00010050,0.00010080,11605709.00000000,1619740799999
1619740800000,0.00010130,0.00011500,0.00010030,0.00010590,8522388.00000000,1619827199999
1619827200000,0.00010590,0.00012430,0.00010280,0.00011640,24429655.00000000,1619913599999
1619913600000,0.00011710,0.00011710,0.00010960,0.00011390,9596546.00000000,1619999999999
1620000000000,0.00011330,0.00011780,0.00009940,0.00009940,8412308.00000000,1620086399999
1620086400000,0.00009970,0.00010100,0.00009470,0.00009510,6410106.00000000,1620172799999
1620172800000,0.00009490,0.00010010,0.00009320,0.00009510,11077832.00000000,1620259199999
1620259200000,0.00009510,0.00009680,0.00009090,0.00009190,11611741.00000000,1620345599999
1620345600000,0.00009170,0.00009730,0.00009080,0.00009240,10752808.00000000,1620431999999
1620432000000,0.00009250,0.00009370,0.00008610,0.00008770,11261281.00000000,1620518399999
1620518400000,0.00008770,0.00008890,0.00007750,0.00008370,14094468.00000000,1620604799999
1620604800000,0.00008390,0.00008560,0.00007210,0.00007510,18295791.00000000,1620691199999
1620691200000,0.00007550,0.00007800,0.00007260,0.00007580,13383851.00000000,1620777599999
1620777600000,0.00007580,0.00008350,0.00006990,0.00007060,14627114.00000000,1620863999999
1620864000000,0.00007060,0.00007730,0.00006880,0.00007430,14012527.00000000,1620950399999
1620950400000,0.00007430,0.00008280,0.00007430,0.00008090,13449922.00000000,1621036799999
1621036800000,0.00008110,0.00010800,0.00007960,0.00010160,44526754.00000000,1621123199999
1621123200000,0.00010140,0.00010610,0.00009280,0.00009330,19612355.00000000,1621209599999
1621209600000,0.00009390,0.00009660,0.00008980,0.00009240,11367139.00000000,1621295999999
1621296000000,0.00009170,0.00014980,0.00009070,0.00013330,61735909.00000000,1621382399999
1621382400000,0.00013360,0.00018260,0.00013340,0.00014980,139046694.00000000,1621468799999
1621468800000,0.00014980,0.00015810,0.00012340,0.00012530,64913688.00000000,1621555199999
1621555200000,0.00012530,0.00012580,0.00011470,0.00011760,52413276.00000000,1621641599999
1621641600000,0.00011760,0.00011870,0.00010980,0.00011590,18024422.00000000,1621727999999
1621728000000,0.00011640,0.00012900,0.00009870,0.00010190,33618291.00000000,1621814399999
1621814400000,0.00010180,0.00012590,0.00009910,0.00010660,36022622.00000000,1621900799999
1621900800000,0.00010660,0.00010830,0.00010100,0.00010570,17902100.00000000,1621987199999
1621987200000,0.00010640,0.00012900,0.00010640,0.00012670,43558681.00000000,1622073599999
1622073600000,0.00012690,0.00016570,0.00012690,0.00014750,87106069.00000000,1622159999999
1622160000000,0.00014680,0.00016270,0.00013610,0.00014190,48322963.00000000,1622246399999
1622246400000,0.00014240,0.00015970,0.00013800,0.00014230,27436248.00000000,1622332799999
1622332800000,0.00014220,0.00014580,0.00013540,0.00013690,16837162.00000000,1622419199999
1622419200000,0.00013730,0.00014200,0.00012830,0.00013130,15378182.00000000,1622505599999
1622505600000,0.00013030,0.00013290,0.00011830,0.00012040,13497984.00000000,1622591999999
1622592000000,0.00012010,0.00012150,0.00010690,0.00010920,21656383.00000000,1622678399999
1622678400000,0.00010950,0.00012740,0.00010880,0.00011290,19539426.00000000,1622764799999
1622764800000,0.00011250,0.00011630,0.00010840,0.00011010,20058804.00000000,1622851199999
1622851200000,0.00011070,0.00011370,0.00010340,0.00010520,9344712.00000000,1622937599999
1622937600000,0.00010480,0.00010690,0.00010220,0.00010480,5873323.00000000,1623023999999
1623024000000,0.00010420,0.00010940,0.00010250,0.00010380,8087020.00000000,1623110399999
1623110400000,0.00010370,0.00010600,0.00009960,0.00010170,10796243.00000000,1623196799999
1623196800000,0.00010210,0.00010590,0.00009980,0.00010530,10309354.00000000,1623283199999
1623283200000,0.00010460,0.00010670,0.00009850,0.00010100,7602226.00000000,1623369599999
1623369600000,0.00010100,0.00011150,0.00009690,0.00009840,14857100.00000000,1623455999999
1623456000000,0.00009870,0.00010230,0.00009350,0.00009490,11892650.00000000,1623542399999
1623542400000,0.00009570,0.00010020,0.00009450,0.00009550,4791137.00000000,1623628799999
1623628800000,0.00009590,0.00010560,0.00009510,0.00010170,11265014.00000000,1623715199999
1623715200000,0.00010100,0.00011230,0.00010090,0.00010270,7624850.00000000,1623801599999
1623801600000,0.00010250,0.00011300,0.00010080,0.00011140,6399841.00000000,1623887999999
1623888000000,0.00011090,0.00011420,0.00010400,0.00010590,7129778.00000000,1623974399999
1623974400000,0.00010590,0.00010700,0.00010220,0.00010380,7091753.00000000,1624060799999
1624060800000,0.00010380,0.00011000,0.00010120,0.00010590,7329444.00000000,1624147199999
1624147200000,0.00010580,0.00011400,0.00010380,0.00010440,6265595.00000000,1624233599999
1624233600000,0.00010390,0.00010390,0.00009700,0.00009930,12124259.00000000,1624319999999
1624320000000,0.00009870,0.00010170,0.00009330,0.00009480,6993506.00000000,1624406399999
1624406400000,0.00009380,0.00010220,0.00009260,0.00009830,10400187.00000000,1624492799999
1624492800000,0.00009710,0.00009790,0.00009050,0.00009300,5419730.00000000,1624579199999
1624579200000,0.00009330,0.00009740,0.00009010,0.00009200,7514287.00000000,1624665599999
1624665600000,0.00009110,0.00009280,0.00008800,0.00008950,5383464.00000000,1624751999999
1624752000000,0.00008950,0.00009670,0.00008870,0.00009110,6361279.00000000,1624838399999
1624838400000,0.00009170,0.00009480,0.00008960,0.00009220,5702961.00000000,1624924799999
1624924800000,0.00009280,0.00010400,0.00009180,0.00010050,10431990.00000000,1625011199999
1625011200000,0.00010080,0.00010170,0.00009540,0.00009670,6747814.00000000,1625097599999
1625097600000,0.00009630,0.00009640,0.00009200,0.00009210,5564807.00000000,1625183999999
1625184000000,0.00009350,0.00009680,0.00009110,0.00009300,3921956.00000000,1625270399999
1625270400000,0.00009300,0.00009550,0.00009150,0.00009470,3784942.00000000,1625356799999
1625356800000,0.00009460,0.00009680,0.00009090,0.00009440,5416728.00000000,1625443199999
1625443200000,0.00009460,0.00009460,0.00008900,0.00008970,8588372.00000000,1625529599999
1625529600000,0.00008960,0.00009950,0.00008960,0.00009110,16984455.00000000,1625615999999
1625616000000,0.00009070,0.00010070,0.00008980,0.00009630,40981451.00000000,1625702399999
1625702400000,0.00009640,0.00009720,0.00008920,0.00009230,16992614.00000000,1625788799999
1625788800000,0.00009230,0.00009260,0.00008750,0.00009020,12967671.00000000,1625875199999
1625875200000,0.00009040,0.00009390,0.00008710,0.00008900,6770040.00000000,1625961599999
1625961600000,0.00008870,0.00009690,0.00008820,0.00009410,9617663.00000000,1626047999999
1626048000000,0.00009460,0.00009500,0.00008930,0.00009080,7864637.00000000,1626134399999
1626134400000,0.00009050,0.00009230,0.00008860,0.00008970,5455720.00000000,1626220799999
1626220800000,0.00008990,0.00009000,0.00008550,0.00008770,9215092.00000000,1626307199999
1626307200000,0.00008720,0.00008840,0.00007780,0.00007870,6814198.00000000,1626393599999
1626393600000,0.00007870,0.00008120,0.00007490,0.00007490,7021909.00000000,1626479999999
1626480000000,0.00007560,0.00008130,0.00007520,0.00007730,5625179.00000000,1626566399999
1626566400000,0.00007820,0.00008820,0.00007800,0.00008640,10971418.00000000,1626652799999
1626652800000,0.00008630,0.00008710,0.00007850,0.00007900,13459261.00000000,1626739199999
1626739200000,0.00007980,0.00008110,0.00007670,0.00007840,8352790.00000000,1626825599999
1626825600000,0.00007830,0.00008170,0.00007680,0.00007890,5780814.00000000,1626911999999
1626912000000,0.00007860,0.00008720,0.00007730,0.00008550,6322947.00000000,1626998399999
1626998400000,0.00008570,0.00008760,0.00008260,0.00008480,5112898.00000000,1627084799999
1627084800000,0.00008530,0.00008840,0.00008370,0.00008580,4625181.00000000,1627171199999
1627171200000,0.00008590,0.00009710,0.00008380,0.00009230,18868306.00000000,1627257599999
1627257600000,0.00009200,0.00009570,0.00008830,0.00008830,10190531.00000000,1627343999999
1627344000000,0.00008820,0.00009360,0.00008490,0.00008980,9802201.00000000,1627430399999
1627430400000,0.00008970,0.00009090,0.00008640,0.00008820,4869447.00000000,1627516799999
1627516800000,0.00008900,0.00009640,0.00008760,0.00009500,15362390.00000000,1627603199999
1627603200000,0.00009530,0.00009530,0.00009010,0.00009280,5317772.00000000,1627689599999
1627689600000,0.00009250,0.00009980,0.00009090,0.00009880,9478666.00000000,1627775999999
1627776000000,0.00009880,0.00010210,0.00009280,0.00009330,10017618.00000000,1627862399999
1627862400000,0.00009320,0.00009620,0.00009310,0.00009520,4698052.00000000,1627948799999
1627948800000,0.00009550,0.00009610,0.00009130,0.00009270,5433698.00000000,1628035199999
1628035200000,0.00009220,0.00009550,0.00009150,0.00009230,6886466.00000000,1628121599999
1628121600000,0.00009290,0.00010700,0.00009270,0.00010120,15980154.00000000,1628207999999
1628208000000,0.00010150,0.00010690,0.00010020,0.00010260,6455359.00000000,1628294399999
1628294400000,0.00010220,0.00011000,0.00010140,0.00010640,6103799.00000000,1628380799999
1628380800000,0.00010650,0.00011000,0.00010300,0.00010510,5639033.00000000,1628467199999
1628467200000,0.00010540,0.00011980,0.00010240,0.00011710,8425956.00000000,1628553599999
1628553600000,0.00011790,0.00012940,0.00011120,0.00011310,20493302.00000000,1628639999999
1628640000000,0.00011280,0.00012300,0.00011040,0.00011700,9481317.00000000,1628726399999
1628726400000,0.00011720,0.00011900,0.00010980,0.00011230,8689387.00000000,1628812799999
1628812800000,0.00011200,0.00011970,0.00011050,0.00011290,5129211.00000000,1628899199999
1628899200000,0.00011290,0.00012960,0.00011210,0.00012500,11986339.00000000,1628985599999
1628985600000,0.00012540,0.00012540,0.00011690,0.00011790,6880235.00000000,1629071999999
1629072000000,0.00011850,0.00012210,0.00010980,0.00010990,7199708.00000000,1629158399999
1629158400000,0.00011030,0.00011130,0.00010350,0.00010390,6968088.00000000,1629244799999
1629244800000,0.00010390,0.00010820,0.00010250,0.00010500,8639322.00000000,1629331199999
1629331200000,0.00010540,0.00010830,0.00010210,0.00010400,9046365.00000000,1629417599999
1629417600000,0.00010390,0.00010950,0.00010000,0.00010180,10591476.00000000,1629503999999
1629504000000,0.00010140,0.00010590,0.00009860,0.00010260,12932767.00000000,1629590399999
1629590400000,0.00010300,0.00011650,0.00010130,0.00011490,15024953.00000000,1629676799999
1629676800000,0.00011450,0.00011480,0.00009630,0.00009870,19202799.00000000,1629763199999
1629763200000,0.00009840,0.00010120,0.00009310,0.00009330,11177073.00000000,1629849599999
1629849600000,0.00009300,0.00009430,0.00008970,0.00009170,11134606.00000000,1629935999999
1629936000000,0.00009160,0.00009260,0.00008730,0.00008810,7872058.00000000,1630022399999
1630022400000,0.00008800,0.00009613,0.00008524,0.00009225,9747265.00000000,1630108799999
1630108800000,0.00009232,0.00009700,0.00009130,0.00009359,8233751.00000000,1630195199999
1630195200000,0.00009324,0.00009337,0.00008989,0.00009232,5866904.00000000,1630281599999
1630281600000,0.00009189,0.00010234,0.00008990,0.00009910,11183828.00000000,1630367999999
1630368000000,0.00009957,0.00011019,0.00009683,0.00010371,12170031.00000000,1630454399999
1630454400000,0.00010360,0.00012106,0.00010141,0.00011917,13992907.00000000,1630540799999
1630540800000,0.00011939,0.00011939,0.00010802,0.00011088,11046011.00000000,1630627199999
1630627200000,0.00011090,0.00011717,0.00010877,0.00010921,7784124.00000000,1630713599999
1630713600000,0.00010960,0.00011275,0.00010731,0.00010903,7081912.00000000,1630799999999
1630800000000,0.00010882,0.00011876,0.00010687,0.00011512,5439314.00000000,1630886399999
1630886400000,0.00011480,0.00012598,0.00010860,0.00011537,13215620.00000000,1630972799999
1630972800000,0.00011539,0.00013500,0.00010531,0.00010692,20794242.00000000,1631059199999
1631059200000,0.00010700,0.00014270,0.00010516,0.00014108,23074860.00000000,1631145599999
1631145600000,0.00014128,0.00015830,0.00012833,0.00015364,18888188.00000000,1631231999999
1631232000000,0.00015440,0.00016807,0.00013650,0.00014072,28976774.00000000,1631318399999
1631318400000,0.00014080,0.00017000,0.00013950,0.00015948,13720441.00000000,1631404799999
1631404800000,0.00015960,0.00023075,0.00015960,0.00020752,32836756.00000000,1631491199999
1631491200000,0.00020721,0.00021430,0.00018341,0.00020049,15745186.00000000,1631577599999
1631577600000,0.00019920,0.00023973,0.00017881,0.00023576,16240017.00000000,1631663999999
1631664000000,0.00023617,0.00026541,0.00020702,0.00021784,19315821.00000000,1631750399999
1631750400000,0.00021690,0.00027276,0.00021021,0.00024437,19260913.00000000,1631836799999
1631836800000,0.00024636,0.00029760,0.00024380,0.00029465,17152743.00000000,1631923199999
1631923200000,0.00029344,0.00031030,0.00027140,0.00027469,6774768.00000000,1632009599999
1632009600000,0.00027491,0.00028800,0.00024332,0.00024930,17444275.00000000,1632095999999
1632096000000,0.00024813,0.00025142,0.00022207,0.00024336,30252644.00000000,1632182399999
1632182400000,0.00024344,0.00029207,0.00023161,0.00024162,10987806.00000000,1632268799999
1632268800000,0.00024023,0.00030079,0.00023595,0.00028898,11885290.00000000,1632355199999
1632355200000,0.00028989,0.00039000,0.00028632,0.00036373,24173422.00000000,1632441599999
1632441600000,0.00036340,0.00053659,0.00033815,0.00050244,26485774.00000000,1632527999999
1632528000000,0.00050387,0.00052909,0.00044251,0.00046390,21761142.00000000,1632614399999
1632614400000,0.00046292,0.00058211,0.00044292,0.00048583,23267806.00000000,1632700799999
1632700800000,0.00048583,0.00052095,0.00045410,0.00046555,8785272.00000000,1632787199999
1632787200000,0.00046346,0.00051752,0.00045129,0.00046654,6184715.00000000,1632873599999
1632873600000,0.00046672,0.00048445,0.00038915,0.00039772,11714736.00000000,1632959999999
1632960000000,0.00039902,0.00040246,0.00035361,0.00035724,9104986.00000000,1633046399999
1633046400000,0.00035576,0.00037460,0.00033629,0.00034375,8397178.00000000,1633132799999
1633132800000,0.00034433,0.00038213,0.00033106,0.00033619,5270383.00000000,1633219199999
1633219200000,0.00033588,0.00034240,0.00032460,0.00033404,2963710.00000000,1633305599999
1633305600000,0.00033354,0.00037567,0.00032786,0.00033441,5247074.00000000,1633391999999
1633392000000,0.00033423,0.00034412,0.00031291,0.00031490,4598450.00000000,1633478399999
1633478400000,0.00031530,0.00032378,0.00029263,0.00030082,6360869.00000000,1633564799999
1633564800000,0.00030098,0.00033503,0.00029510,0.00030361,5290989.00000000,1633651199999
1633651200000,0.00030326,0.00042757,0.00029864,0.00041778,10405022.00000000,1633737599999
1633737600000,0.00041728,0.00046052,0.00036776,0.00037716,14280445.00000000,1633823999999
1633824000000,0.00037630,0.00042715,0.00036866,0.00037711,7538875.00000000,1633910399999
1633910400000,0.00037646,0.00037762,0.00034680,0.00035426,4812923.00000000,1633996799999
1633996800000,0.00035460,0.00036029,0.00032467,0.00032849,6693914.00000000,1634083199999
1634083200000,0.00032951,0.00034254,0.00029982,0.00030135,9188749.00000000,1634169599999
1634169600000,0.00030126,0.00031554,0.00029780,0.00030186,3260747.00000000,1634255999999
1634256000000,0.00030232,0.00030915,0.00029437,0.00029684,3818055.00000000,1634342399999
1634342400000,0.00029718,0.00031000,0.00029249,0.00029730,2463961.00000000,1634428799999
1634428800000,0.00029825,0.00029861,0.00027944,0.00028487,2688238.00000000,1634515199999
1634515200000,0.00028459,0.00028673,0.00026881,0.00027105,2014701.00000000,1634601599999
1634601600000,0.00027063,0.00030358,0.00026584,0.00027914,5573055.00000000,1634687999999
1634688000000,0.00028012,0.00028625,0.00027422,0.00027736,4010193.00000000,1634774399999
1634774400000,0.00027737,0.00029322,0.00027538,0.00028656,3190406.00000000,1634860799999
1634860800000,0.00028656,0.00029388,0.00027489,0.00029388,2420998.00000000,1634947199999
1634947200000,0.00029351,0.00029351,0.00027998,0.00028047,1501267.00000000,1635033599999
1635033600000,0.00028141,0.00031824,0.00028011,0.00029538,5262250.00000000,1635119999999
1635120000000,0.00029542,0.00030448,0.00028730,0.00029841,2009968.00000000,1635206399999
1635206400000,0.00029848,0.00033488,0.00029706,0.00030707,4353504.00000000,1635292799999
1635292800000,0.00030662,0.00031234,0.00026698,0.00027279,14411467.00000000,1635379199999
1635379200000,0.00027328,0.00028180,0.00025178,0.00025448,6340145.00000000,1635465599999
1635465600000,0.00025390,0.00026041,0.00023689,0.00023707,1795034.00000000,1635551999999
1635552000000,0.00023682,0.00024311,0.00022220,0.00022711,2984827.00000000,1635638399999
1635638400000,0.00022694,0.00023258,0.00022000,0.00023253,2353985.00000000,1635724799999
1635724800000,0.00023263,0.00024311,0.00021828,0.00021828,1841116.00000000,1635811199999
1635811200000,0.00021825,0.00024465,0.00021801,0.00022035,2557173.00000000,1635897599999
